Title,Method,Method family,Pretraining datasets,Evaluation datasets,Year,Venue,Publication status,DOI,Verified as of
Self-supervised object-centric learning for videos,SOLV,Other / Hybrid,MOVi-E; DAVIS 2017; YouTube-VIS 2019,MOVi-E; DAVIS 2017; YouTube-VIS 2019,2023,NeurIPS 2023,peer_reviewed,10.52202/075280-1424,2026-08-11
Language-based Action Concept Spaces Improve Video Self-Supervised Learning,Language-based Self-Supervision (LSS),Multimodal / Audio-Visual,Kinetics-400,Kinetics-400; UCF101; HMDB51; Charades,2023,NeurIPS 2023,peer_reviewed,10.52202/075280-3277,2026-08-11
Uncovering the Hidden Dynamics of Video Self-supervised Learning under Distribution Shifts,"Controlled comparison of v-SimCLR, v-MoCo, v-BYOL, v-SimSiam, v-DINO, and v-MAE",Other / Hybrid,Kinetics-400; Kinetics-700,UCF101; HMDB51; Mimetics10; Mimetics50; Charades-Ego; TinyVIRAT-v2; Sims4Action; ActorShift; RareAct; Moments in Time v2; ToyBox; COIL-100; STL-10,2023,NeurIPS 2023,peer_reviewed,10.52202/075280-2340,2026-08-11
Self-supervised video pretraining yields robust and more human-aligned visual representation,VITO,Contrastive,VideoNet; AudioSet; YouTube-8M; Kinetics-700; ImageNet-1K; JFT-300M,ADE20K; COCO; DAVIS; UCF101; PASCAL VOC; LVIS; ImageNet-1K; ImageNet-A; ImageNet-Vid-Robust; ImageNet-3DCC; ClickMe,2023,NeurIPS 2023,peer_reviewed,10.52202/075280-2869,2026-08-11
AdaMAE: Adaptive Masking for Efficient Spatiotemporal Learning with Masked Autoencoders,AdaMAE,Generative / Masked,Something-Something V2; Kinetics-400,Something-Something V2; Kinetics-400,2023,CVPR 2023,peer_reviewed,,2026-08-11
Spatio-Temporal Crop Aggregation for Video Representation Learning,SCALE,Other / Hybrid,Kinetics-400; UCF101; HMDB51; Something-Something V2,Kinetics-400; UCF101; HMDB51; Something-Something V2; Long-form Video Understanding (LVU),2023,ICCV 2023,peer_reviewed,,2026-08-11
Motion-Guided Masking for Spatiotemporal Representation Learning,Motion-Guided Masking (MGM),Generative / Masked,Kinetics-400; Something-Something V2,Kinetics-400; Something-Something V2; UCF101; HMDB51; Diving48,2023,ICCV 2023,peer_reviewed,,2026-08-11
Fine-Grained Spatiotemporal Motion Alignment for Contrastive Video Representation Learning,FIMA,Contrastive,UCF101; Kinetics-400,UCF101; HMDB51; Diving48; Kinetics-400,2023,ACM Multimedia 2023,peer_reviewed,10.1145/3581783.3611932,2026-08-11
Unmasked Teacher: Towards Training-Efficient Video Foundation Models,Unmasked Teacher (UMT),Distillation / Teacher-Student,Kinetics-710; Something-Something V2; Kinetics-400; WebVid-2M; WebVid-10M; Conceptual Captions 3M; Conceptual Captions 12M; COCO; Visual Genome; SBU Captions,Kinetics-400; Kinetics-600; Kinetics-700; Something-Something V2; Moments in Time V1; AVA v2.2; MSR-VTT; DiDeMo; ActivityNet Captions; LSMDC; MSVD; ActivityNet-QA; MSRVTT-QA; MSRVTT-MC; MSVD-QA,2023,ICCV 2023,peer_reviewed,,2026-08-11
Concatenated Masked Autoencoders as Spatial-Temporal Learner,CatMAE,Generative / Masked,Kinetics-400,DAVIS 2017; Kinetics-400,2023,arXiv / Preprint,preprint,,2026-08-11
AV-MaskEnhancer: Enhancing Video Representations through Audio-Visual Masked Autoencoder,AV-MaskEnhancer,Multimodal / Audio-Visual,Kinetics-400,UCF101,2023,ICTAI 2023,peer_reviewed,,2026-08-11
OmniMAE: Single Model Masked Pretraining on Images and Videos,OmniMAE,Generative / Masked,ImageNet-1K; Something-Something V2,ImageNet-1K; iNaturalist 2018; Places365; Kinetics-400; Something-Something V2; EPIC-KITCHENS-100,2023,CVPR 2023,peer_reviewed,,2026-08-11
TimeBalance: Temporally-Invariant and Temporally-Distinctive Video Representations for Semi-Supervised Action Recognition,TimeBalance,Distillation / Teacher-Student,Kinetics-400; UCF101; HMDB51,Kinetics-400; UCF101; HMDB51,2023,CVPR 2023,peer_reviewed,,2026-08-11
Attentive spatial-temporal contrastive learning for self-supervised video representation,ASTCNet,Contrastive,UCF101; HMDB51,UCF101; HMDB51,2023,Image and Vision Computing 2023,peer_reviewed,10.1016/j.imavis.2023.104765,2026-08-11
MGMAE: Motion Guided Masking for Video Masked Autoencoding,MGMAE,Generative / Masked,Kinetics-400; Something-Something V2,Kinetics-400; Something-Something V2,2023,ICCV 2023,peer_reviewed,,2026-08-11
Cross-modal Manifold Cutmix for Self-supervised Video Representation Learning,Cross-modal Manifold CutMix (CMMC / STC-mix),Multimodal / Audio-Visual,UCF101; HMDB51; NTU RGB+D 60,UCF101; HMDB51; NTU RGB+D 60,2023,MVA 2023,peer_reviewed,,2026-08-11
CHAIN: Exploring Global-Local Spatio-Temporal Information for Improved Self-Supervised Video Hashing,CHAIN,Other / Hybrid,FCVID; UCF101; ActivityNet; HMDB51,FCVID; UCF101; ActivityNet; HMDB51,2023,ACM Multimedia 2023,peer_reviewed,10.1145/3581783.3613440,2026-08-11
Data-Efficient Masked Video Modeling for Self-supervised Action Recognition,Data-Efficient Masked Video Modeling (DEMVM),Generative / Masked,UCF101; HMDB51,UCF101; HMDB51; Diving48,2023,ACM Multimedia 2023,peer_reviewed,10.1145/3581783.3612496,2026-08-11
Temporal Transformer Networks with Self-Supervision for Action Recognition,Temporal Transformer Self-Supervision Network (TTSN),Pretext / Predictive,ImageNet-1K; Kinetics-400,HMDB51; UCF101; Something-Something V1,2023,IEEE Internet of Things Journal 2023,peer_reviewed,10.1109/JIOT.2023.3257992,2026-08-11
CMAE-V: Contrastive Masked Autoencoders for Video Action Recognition,CMAE-V,Other / Hybrid,Kinetics-400; Something-Something V2,Kinetics-400; Something-Something V2,2023,arXiv / Preprint,preprint,,2026-08-11
Learning Representational Invariances for Data-Efficient Action Recognition,Representational-invariance augmentation study,Contrastive,UCF101; HMDB51; Kinetics-100; Kinetics-400; Mini Something-Something V2,UCF101; HMDB51; Kinetics-100; Mini Something-Something V2,2023,Computer Vision and Image Understanding 2023,peer_reviewed,10.1016/j.cviu.2022.103597,2026-08-11
SOR-TC: Self-attentive octave ResNet with temporal consistency for compressed video action recognition,SOR-TC,Pretext / Predictive,UCF101; HMDB51,UCF101; HMDB51,2023,Neurocomputing 2023,peer_reviewed,10.1016/j.neucom.2023.02.045,2026-08-11
Masked Motion Encoding for Self-Supervised Video Representation Learning,Masked Motion Encoding (MME),Generative / Masked,Kinetics-400; Something-Something V2,Kinetics-400; Something-Something V2; UCF101; HMDB51,2023,CVPR 2023,peer_reviewed,,2026-08-11
Spatiotemporal consistency enhancement self-supervised representation learning for action recognition,Spatiotemporal Consistency Enhancement (STCE),Contrastive,UCF101; HMDB51,UCF101; HMDB51,2023,"Signal, Image and Video Processing 2023",peer_reviewed,10.1007/s11760-022-02357-2,2026-08-11
Self-Supervised Video-Based Action Recognition With Disturbances,VARD,Contrastive,UCF101; HMDB51,UCF101; HMDB51,2023,IEEE Transactions on Image Processing 2023,peer_reviewed,10.1109/TIP.2023.3269228,2026-08-11
Masked Video Distillation: Rethinking Masked Feature Modeling for Self-supervised Video Representation Learning,Masked Video Distillation (MVD),Distillation / Teacher-Student,ImageNet-1K; Kinetics-400,Kinetics-400; Something-Something V2; UCF101; HMDB51; AVA v2.2,2023,CVPR 2023,peer_reviewed,,2026-08-11
Enhancing motion visual cues for self-supervised video representation learning,Enhancing Motion Visual Cues (EMVC),Contrastive,UCF101; HMDB51,UCF101; HMDB51,2023,Engineering Applications of Artificial Intelligence 2023,peer_reviewed,10.1016/j.engappai.2023.106203,2026-08-11
Continuous frame motion sensitive self-supervised collaborative network for video representation learning,Continuous-frame motion-sensitive collaborative network,Other / Hybrid,UCF101; HMDB51,UCF101; HMDB51,2023,Advanced Engineering Informatics 2023,peer_reviewed,10.1016/j.aei.2023.101941,2026-08-11
Self-supervised pretext task collaborative multi-view contrastive learning for video action recognition,Pretext-task collaborative multi-view contrastive learning,Other / Hybrid,UCF101; HMDB51,UCF101; HMDB51,2023,"Signal, Image and Video Processing 2023",peer_reviewed,10.1007/s11760-023-02605-z,2026-08-11
Self-Supervised Learning from Untrimmed Videos via Hierarchical Consistency,Hierarchical Consistency Learning (HiCo),Contrastive,Kinetics-400; Untrimmed Kinetics-400,UCF101; HMDB51; ActivityNet,2023,IEEE Transactions on Pattern Analysis and Machine Intelligence 2023,peer_reviewed,10.1109/TPAMI.2023.3273415,2026-08-11
Audio-Visual Contrastive Learning with Temporal Self-Supervision,Audio-visual contrastive learning with temporal self-supervision,Multimodal / Audio-Visual,Kinetics-600; Kinetics-400,UCF101; HMDB51; ESC-50; VGGSound; Kinetics-600,2023,AAAI 2023,peer_reviewed,10.1609/aaai.v37i7.25967,2026-08-11
Video Test-Time Adaptation for Action Recognition,ViTTA,Other / Hybrid,Kinetics-400; ImageNet-1K,UCF101; Something-Something V2; Kinetics-400; UCF101-C; Something-Something V2-C; Kinetics-400-C,2023,CVPR 2023,peer_reviewed,10.1109/CVPR52729.2023.02198,2026-08-11
Self-Supervised Video Representation Learning via Latent Time Navigation,Latent Time Navigation (LTN),Contrastive,Kinetics-400,Toyota Smarthome; Kinetics-400; UCF101; HMDB51,2023,AAAI 2023,peer_reviewed,10.1609/aaai.v37i3.25416,2026-08-11
Temporal Contrastive Learning with Curriculum,Contrastive Curriculum Learning (ConCur),Contrastive,Kinetics-400; Kinetics-200,UCF101; HMDB51,2023,ICASSP 2023,peer_reviewed,,2026-08-11
Nearest-Neighbor Inter-Intra Contrastive Learning from Unlabeled Videos,Inter-Intra Video Contrastive Learning (IIVCL),Contrastive,Kinetics-400,UCF101; HMDB51; Kinetics-400; Something-Something V2; AVA,2023,ICLR Workshops 2023,peer_reviewed,,2026-08-11
Tubelet-Contrastive Self-Supervision for Video-Efficient Generalization,Tubelet-Contrastive,Contrastive,Kinetics-400; Mini-Kinetics,UCF101; HMDB51; Something-Something V2; FineGym Gym99; FineGym FX-S1; FineGym UB-S1; UCFRep; Charades; Diving48,2023,ICCV 2023,peer_reviewed,,2026-08-11
Multi-scale Compositional Constraints for Representation Learning on Videos,Multi-scale compositional AVID-CMA,Multimodal / Audio-Visual,AudioSet,UCF101; SumMe,2023,ICASSP 2023,peer_reviewed,,2026-08-11
Flavr: Flow-agnostic Video Representations for Fast Frame Interpolation,FLAVR,Pretext / Predictive,Vimeo-90K; GoPro,Vimeo-90K; UCF101; DAVIS; Adobe-240FPS; GoPro; SNU-FILM; Middlebury; HMDB51; MPI Sintel; KITTI; DAVIS 2017,2023,WACV 2023,peer_reviewed,,2026-08-11
HomE: Homography-Equivariant Video Representation Learning,HomE,Pretext / Predictive,Synthetic CIFAR-10; UCF101; Stanford-TRI Intent Prediction,Synthetic CIFAR-10; UCF101; Stanford-TRI Intent Prediction,2023,arXiv / Preprint,preprint,,2026-08-11
ViewCLR: Learning Self-supervised Video Representation for Unseen Viewpoints,ViewCLR,Contrastive,NTU RGB+D 60; NTU RGB+D 120; Northwestern-UCLA,NTU RGB+D 60; NTU RGB+D 120; Northwestern-UCLA,2023,WACV 2023,peer_reviewed,,2026-08-11
Videomae v2: Scaling Video Masked Autoencoders with Dual Masking,VideoMAE V2,Generative / Masked,UnlabeledHybrid; LabeledHybrid; Kinetics-400; Kinetics-600; Kinetics-700; Something-Something V2; AVA; WebVid-2M; Instagram videos,Kinetics-400; Kinetics-600; Something-Something V1; Something-Something V2; UCF101; HMDB51; AVA; AVA-Kinetics; THUMOS14; FineAction,2023,CVPR 2023,peer_reviewed,,2026-08-11
Self-Supervised Audio-Visual Representation Learning with Relaxed Cross-Modal Synchronicity,CrissCross,Multimodal / Audio-Visual,Kinetics-Sounds; Kinetics-400; AudioSet,Kinetics-400; UCF101; HMDB51; ESC-50; DCASE,2023,AAAI 2023,peer_reviewed,,2026-08-11
Previts: contrastive pretraining with video tracking supervision,PreViTS,Contrastive,VGGSound; Kinetics-400,UCF101; ImageNet-1K; DAVIS; JHMDB; Backgrounds Challenge,2023,WACV 2023,peer_reviewed,,2026-08-11
Modeling Video As Stochastic Processes for Fine-Grained Video Representation Learning,Video Stochastic Processes (VSP),Contrastive,ImageNet-1K; Penn Action; Pouring; IKEA ASM; FineGym,Penn Action; Pouring; IKEA ASM; FineGym Gym99; FineGym Gym288,2023,CVPR 2023,peer_reviewed,,2026-08-11
Learning Fine-Grained Features for Pixel-wise Video Correspondences,Adversarial fine-grained correspondence learning,Pretext / Predictive,FlyingThings3D; YouTube-VOS,BADJA; JHMDB; TAP-Vid-DAVIS; TAP-Vid-Kinetics; DAVIS 2017,2023,ICCV 2023,peer_reviewed,10.1109/ICCV51070.2023.00883,2026-08-11
Cali-NCE: Boosting Cross-Modal Video Representation Learning With Calibrated Alignment,Cali-NCE,Multimodal / Audio-Visual,WebVid-2M,MSR-VTT; MSVD; UCF101; HMDB51,2023,CVPR Workshops 2023,peer_reviewed,,2026-08-11
Self-supervised motion perception for spatiotemporal representation learning,Self-Supervised Motion Perception (SMP),Pretext / Predictive,UCF101; Kinetics-400,UCF101; HMDB51,2023,IEEE Transactions on Neural Networks and Learning Systems 2023,peer_reviewed,10.1109/TNNLS.2022.3160860,2026-08-11
Similarity Contrastive Estimation for Image and Video Soft Contrastive Self-Supervised Learning,Similarity Contrastive Estimation (SCE),Contrastive,ImageNet-1K; ImageNet-100; Kinetics-200; Kinetics-400,CIFAR-10; CIFAR-100; STL-10; Tiny ImageNet; PASCAL VOC 2007; COCO; UCF101; HMDB51; Kinetics-400; AVA; Something-Something V2,2023,Machine Vision and Applications 2023,peer_reviewed,10.1007/s00138-023-01444-9,2026-08-11
Self-Supervised Contrastive Learning for Audio-Visual Action Recognition,Audio-Visual Contrastive Learning (AVCL),Multimodal / Audio-Visual,Kinetics-Sounds32; Kinetics-Sounds100,Kinetics-Sounds32; Kinetics-Sounds100,2023,ICIP 2023,peer_reviewed,,2026-08-11
Self-Supervised Scene-Debiasing for Video Representation Learning via Background Patching,Background Patching,Contrastive,Kinetics-400,Kinetics-400; UCF101; HMDB51,2023,IEEE Transactions on Multimedia 2023,peer_reviewed,10.1109/TMM.2022.3193559,2026-08-11
LgNet: A local-global network for action recognition and beyond,LgNet,Other / Hybrid,Kinetics-400,Kinetics-400; UCF101; HMDB51; Something-Something V2,2023,IEEE Transactions on Multimedia 2023,peer_reviewed,10.1109/TMM.2022.3189253,2026-08-11
Unsupervised Video-Based Action Recognition With Imagining Motion and Perceiving Appearance,IMPA,Other / Hybrid,UCF101; Kinetics-400,UCF101; HMDB51,2023,IEEE Transactions on Circuits and Systems for Video Technology 2023,peer_reviewed,10.1109/TCSVT.2022.3221280,2026-08-11
Spatiotemporal Augmentation on Selective Frequencies for Video Representation Learning,Frequency Selective Augmentation (FreqAug),Contrastive,Mini-Kinetics; Kinetics-400,Mini-Kinetics; Kinetics-400; Something-Something V2; UCF101; HMDB51; Diving48; Breakfast,2023,AAAI 2023,peer_reviewed,10.1609/aaai.v37i1.25194,2026-08-11
Consistent Intra-video Contrastive Learning with Asynchronous Long-term Memory Bank,Consistent Intra-Video Contrastive Learning,Contrastive,Kinetics-400; UCF101,UCF101; HMDB51,2023,IEEE Transactions on Circuits and Systems for Video Technology 2023,peer_reviewed,10.1109/TCSVT.2022.3207174,2026-08-11
